{"stat.leaveGame":4,"stat.drop.minecraft.apple":1,"stat.jump":1153,"stat.pickup.minecraft.coal":12,"stat.fallOneCm":39720,"stat.crouchOneCm":678,"stat.pickup.minecraft.dirt":36,"stat.useItem.minecraft.stone_slab2":9,"stat.craftingTableInteraction":5,"stat.pickup.minecraft.rotten_flesh":4,"stat.damageTaken":1911,"stat.pickup.minecraft.cobblestone":7,"stat.mineBlock.minecraft.sapling":1,"stat.drop.sexmod.allies_lamp":1,"stat.flyOneCm":33816,"stat.craftItem.minecraft.diamond_shovel":1,"stat.pickup.minecraft.wheat_seeds":1,"stat.pickup.minecraft.potato":3,"stat.damageDealt":538,"stat.timeSinceDeath":6242,"stat.useItem.minecraft.crafting_table":1,"stat.mineBlock.minecraft.dirt":10,"stat.walkOneCm":235901,"stat.pickup.minecraft.golden_apple":3,"stat.pickup.minecraft.stick":6,"stat.pickup.minecraft.diamond_pickaxe":1,"stat.drop.minecraft.rotten_flesh":2,"stat.useItem.minecraft.log":4,"stat.pickup.sexmod.allies_lamp":1,"stat.craftItem.minecraft.crafting_table":2,"stat.drop.minecraft.dirt":1,"stat.killEntity.ZombieVillager":1,"stat.mineBlock.minecraft.coal_ore":11,"stat.pickup.minecraft.log":15,"stat.drop.minecraft.sapling":1,"stat.drop.minecraft.potato":1,"stat.pickup.minecraft.sapling":4,"stat.drop.minecraft.egg":1,"stat.sprintOneCm":50702,"stat.useItem.minecraft.diamond_shovel":2,"stat.pickup.minecraft.apple":2,"stat.craftItem.minecraft.stick":16,"stat.craftItem.minecraft.planks":16,"stat.useItem.minecraft.diamond_pickaxe":27,"stat.mobKills":2,"stat.mineBlock.minecraft.log":16,"stat.pickup.minecraft.spawn_egg":1,"stat.useItem.minecraft.golden_apple":1,"stat.deaths":9,"stat.pickup.minecraft.diamond":10,"stat.drop":8,"stat.mineBlock.minecraft.leaves":40,"stat.pickup.minecraft.egg":1,"stat.playOneMinute":42817,"stat.pickup.minecraft.torch":15,"stat.sneakTime":239,"stat.pickup.minecraft.slime_ball":3,"stat.craftItem.minecraft.diamond_pickaxe":1,"stat.craftItem.minecraft.diamond_axe":1,"stat.mineBlock.minecraft.stone":7,"stat.mineBlock.minecraft.tallgrass":19}