{"stat.walkOneCm":76158,"stat.leaveGame":2,"stat.useItem.minecraft.log":4,"stat.craftItem.minecraft.crafting_table":2,"stat.pickup.minecraft.log":12,"stat.jump":246,"stat.pickup.minecraft.coal":3,"stat.fallOneCm":4446,"stat.crouchOneCm":75,"stat.pickup.minecraft.sapling":1,"stat.pickup.minecraft.dirt":1,"stat.sprintOneCm":9484,"stat.useItem.minecraft.diamond_shovel":2,"stat.useItem.minecraft.stone_slab2":5,"stat.craftItem.minecraft.stick":16,"stat.craftingTableInteraction":5,"stat.craftItem.minecraft.planks":16,"stat.damageTaken":40,"stat.mineBlock.minecraft.log":13,"stat.flyOneCm":5532,"stat.deaths":2,"stat.craftItem.minecraft.diamond_shovel":1,"stat.pickup.minecraft.diamond":10,"stat.mineBlock.minecraft.leaves":13,"stat.playOneMinute":15328,"stat.sneakTime":111,"stat.damageDealt":88,"stat.craftItem.minecraft.diamond_pickaxe":1,"stat.timeSinceDeath":1663,"stat.useItem.minecraft.crafting_table":1,"stat.mineBlock.minecraft.dirt":2,"stat.craftItem.minecraft.diamond_axe":1,"stat.mineBlock.minecraft.tallgrass":9}