{"stat.leaveGame":3,"stat.drop.minecraft.apple":1,"stat.jump":856,"stat.pickup.minecraft.coal":12,"stat.fallOneCm":22020,"stat.crouchOneCm":75,"stat.pickup.minecraft.dirt":36,"stat.useItem.minecraft.stone_slab2":8,"stat.craftingTableInteraction":5,"stat.pickup.minecraft.rotten_flesh":4,"stat.damageTaken":790,"stat.pickup.minecraft.cobblestone":7,"stat.flyOneCm":28838,"stat.craftItem.minecraft.diamond_shovel":1,"stat.pickup.minecraft.wheat_seeds":1,"stat.pickup.minecraft.potato":3,"stat.damageDealt":454,"stat.timeSinceDeath":2745,"stat.useItem.minecraft.crafting_table":1,"stat.mineBlock.minecraft.dirt":10,"stat.walkOneCm":180561,"stat.pickup.minecraft.golden_apple":3,"stat.pickup.minecraft.stick":6,"stat.pickup.minecraft.diamond_pickaxe":1,"stat.drop.minecraft.rotten_flesh":2,"stat.useItem.minecraft.log":4,"stat.craftItem.minecraft.crafting_table":2,"stat.drop.minecraft.dirt":1,"stat.killEntity.ZombieVillager":1,"stat.mineBlock.minecraft.coal_ore":11,"stat.pickup.minecraft.log":15,"stat.drop.minecraft.potato":1,"stat.pickup.minecraft.sapling":2,"stat.sprintOneCm":42882,"stat.useItem.minecraft.diamond_shovel":2,"stat.pickup.minecraft.apple":2,"stat.craftItem.minecraft.stick":16,"stat.craftItem.minecraft.planks":16,"stat.useItem.minecraft.diamond_pickaxe":27,"stat.mobKills":2,"stat.mineBlock.minecraft.log":16,"stat.pickup.minecraft.spawn_egg":1,"stat.useItem.minecraft.golden_apple":1,"stat.deaths":6,"stat.pickup.minecraft.diamond":10,"stat.drop":5,"stat.mineBlock.minecraft.leaves":35,"stat.playOneMinute":31542,"stat.pickup.minecraft.torch":15,"stat.sneakTime":111,"stat.pickup.minecraft.slime_ball":3,"stat.craftItem.minecraft.diamond_pickaxe":1,"stat.craftItem.minecraft.diamond_axe":1,"stat.mineBlock.minecraft.stone":7,"stat.mineBlock.minecraft.tallgrass":16}