{"stat.walkOneCm":119603,"stat.pickup.minecraft.golden_apple":2,"stat.leaveGame":3,"stat.drop.minecraft.rotten_flesh":2,"stat.useItem.minecraft.log":4,"stat.craftItem.minecraft.crafting_table":2,"stat.pickup.minecraft.log":15,"stat.drop.minecraft.apple":1,"stat.jump":506,"stat.pickup.minecraft.coal":3,"stat.fallOneCm":11686,"stat.crouchOneCm":75,"stat.drop.minecraft.potato":1,"stat.pickup.minecraft.sapling":1,"stat.pickup.minecraft.dirt":1,"stat.sprintOneCm":17533,"stat.useItem.minecraft.diamond_shovel":2,"stat.useItem.minecraft.stone_slab2":6,"stat.pickup.minecraft.apple":1,"stat.craftItem.minecraft.stick":16,"stat.craftingTableInteraction":5,"stat.pickup.minecraft.rotten_flesh":2,"stat.craftItem.minecraft.planks":16,"stat.damageTaken":265,"stat.mobKills":1,"stat.mineBlock.minecraft.log":16,"stat.pickup.minecraft.spawn_egg":1,"stat.useItem.minecraft.golden_apple":1,"stat.flyOneCm":13364,"stat.deaths":2,"stat.craftItem.minecraft.diamond_shovel":1,"stat.pickup.minecraft.diamond":10,"stat.drop":4,"stat.pickup.minecraft.wheat_seeds":1,"stat.mineBlock.minecraft.leaves":20,"stat.pickup.minecraft.potato":2,"stat.playOneMinute":22161,"stat.sneakTime":111,"stat.damageDealt":387,"stat.craftItem.minecraft.diamond_pickaxe":1,"stat.timeSinceDeath":8496,"stat.useItem.minecraft.crafting_table":1,"stat.mineBlock.minecraft.dirt":2,"stat.craftItem.minecraft.diamond_axe":1,"stat.mineBlock.minecraft.tallgrass":15}