{"stat.craftItem.minecraft.diamond_chestplate":1,"stat.walkOneCm":13009,"stat.playerKills":1,"stat.drop.minecraft.rotten_flesh":2,"stat.leaveGame":1,"stat.pickup.minecraft.iron_sword":1,"stat.drop.minecraft.dirt":1,"stat.useItem.minecraft.apple":1,"stat.useItem.minecraft.diamond_sword":2,"stat.pickup.minecraft.log":2,"stat.craftItem.minecraft.diamond_sword":1,"stat.jump":97,"stat.fallOneCm":3405,"stat.pickup.minecraft.porkchop":3,"stat.crouchOneCm":931,"stat.pickup.minecraft.sapling":1,"stat.pickup.minecraft.dirt":4,"stat.sprintOneCm":6389,"stat.useItem.minecraft.stone_slab2":2,"stat.pickup.minecraft.bow":1,"stat.pickup.minecraft.apple":1,"stat.craftItem.minecraft.stick":16,"stat.craftingTableInteraction":1,"stat.pickup.minecraft.rotten_flesh":2,"stat.craftItem.minecraft.planks":8,"stat.damageTaken":162,"stat.mobKills":1,"stat.mineBlock.minecraft.log":2,"stat.flyOneCm":18039,"stat.deaths":2,"stat.pickup.minecraft.wheat_seeds":3,"stat.drop":6,"stat.pickup.minecraft.diamond":14,"stat.playOneMinute":5755,"stat.drop.minecraft.wheat_seeds":3,"stat.sneakTime":179,"stat.damageDealt":200,"stat.timeSinceDeath":395,"stat.pickup.minecraft.snowball":2,"stat.mineBlock.minecraft.tallgrass":5}