{"stat.craftItem.minecraft.diamond_chestplate":1,"stat.leaveGame":2,"stat.pickup.minecraft.iron_sword":1,"stat.useItem.minecraft.apple":1,"stat.useItem.minecraft.diamond_sword":2,"stat.craftItem.minecraft.diamond_sword":1,"stat.jump":360,"stat.pickup.minecraft.coal":4,"stat.fallOneCm":11675,"stat.useItem.minecraft.planks":2,"stat.pickup.minecraft.porkchop":3,"stat.crouchOneCm":5182,"stat.pickup.minecraft.dirt":4,"stat.useItem.minecraft.stone_slab2":4,"stat.pickup.minecraft.bow":1,"stat.craftingTableInteraction":3,"stat.pickup.minecraft.rotten_flesh":2,"stat.damageTaken":432,"stat.useItem.minecraft.wooden_pickaxe":20,"stat.pickup.minecraft.cobblestone":14,"stat.craftItem.minecraft.wooden_sword":1,"stat.flyOneCm":38342,"stat.pickup.minecraft.wheat_seeds":3,"stat.drop.minecraft.wheat_seeds":3,"stat.damageDealt":372,"stat.timeSinceDeath":882,"stat.craftItem.minecraft.wooden_pickaxe":1,"stat.walkOneCm":40846,"stat.playerKills":1,"stat.drop.minecraft.rotten_flesh":2,"stat.pickup.sexmod.allies_lamp":2,"stat.pickup.minecraft.crafting_table":1,"stat.useItem.minecraft.cobblestone":13,"stat.craftItem.minecraft.crafting_table":2,"stat.drop.minecraft.dirt":1,"stat.mineBlock.minecraft.coal_ore":4,"stat.pickup.minecraft.log":18,"stat.pickup.minecraft.sapling":1,"stat.drop.minecraft.egg":1,"stat.sprintOneCm":21110,"stat.pickup.minecraft.apple":1,"stat.craftItem.minecraft.stick":24,"stat.craftItem.minecraft.wooden_axe":1,"stat.craftItem.minecraft.planks":48,"stat.mineBlock.minecraft.crafting_table":1,"stat.mobKills":1,"stat.mineBlock.minecraft.log":18,"stat.deaths":3,"stat.drop":7,"stat.pickup.minecraft.diamond":14,"stat.mineBlock.minecraft.leaves":8,"stat.pickup.minecraft.egg":1,"stat.playOneMinute":16159,"stat.sneakTime":1868,"stat.pickup.minecraft.snowball":2,"stat.useItem.minecraft.wooden_axe":22,"stat.mineBlock.minecraft.stone":14,"stat.mineBlock.minecraft.tallgrass":6}