{"stat.useItem.minecraft.splash_potion":5,"stat.leaveGame":10,"stat.pickup.minecraft.iron_sword":6,"stat.pickup.minecraft.arrow":1,"stat.killEntity.bee":1,"stat.useItem.minecraft.potion":4,"stat.jump":1436,"stat.swimOneCm":89,"stat.fallOneCm":627,"stat.pickup.minecraft.porkchop":20,"stat.pickup.minecraft.gunpowder":1,"stat.crouchOneCm":171,"stat.pickup.minecraft.dirt":36,"stat.useItem.minecraft.dirt":1,"stat.useItem.minecraft.stone_slab2":2,"stat.pickup.minecraft.bow":6,"stat.killEntity.goblin":1,"stat.drop.minecraft.bed":1,"stat.pickup.minecraft.rotten_flesh":4,"stat.pickup.minecraft.splash_potion":1,"stat.killEntity.jenny":1,"stat.damageTaken":25,"stat.flyOneCm":322817,"stat.pickup.minecraft.bed":1,"stat.damageDealt":1302,"stat.sleepInBed":1,"stat.timeSinceDeath":11126,"stat.mineBlock.minecraft.dirt":2,"stat.useItem.minecraft.spawn_egg":22,"stat.walkOneCm":130387,"stat.killEntity.bia":1,"stat.pickup.minecraft.crafting_table":2,"stat.killEntity.Creeper":1,"stat.pickup.minecraft.shield":1,"stat.pickup.minecraft.log":2,"stat.pickup.minecraft.string":2,"stat.pickup.minecraft.beef":6,"stat.sprintOneCm":58143,"stat.useItem.minecraft.iron_sword":37,"stat.mobKills":6,"stat.mineBlock.minecraft.log":1,"stat.pickup.minecraft.spawn_egg":13,"stat.deaths":7,"stat.pickup.minecraft.diamond":8,"stat.drop":1,"stat.playOneMinute":146170,"stat.sneakTime":280,"stat.pickup.minecraft.wool":3,"stat.killEntity.Zombie":1}