{"stat.walkOneCm":92747,"stat.leaveGame":8,"stat.pickup.minecraft.iron_sword":5,"stat.pickup.minecraft.arrow":1,"stat.pickup.minecraft.crafting_table":2,"stat.killEntity.Creeper":1,"stat.pickup.minecraft.log":2,"stat.jump":519,"stat.fallOneCm":627,"stat.pickup.minecraft.beef":6,"stat.pickup.minecraft.porkchop":18,"stat.pickup.minecraft.gunpowder":1,"stat.crouchOneCm":171,"stat.pickup.minecraft.dirt":36,"stat.useItem.minecraft.dirt":1,"stat.sprintOneCm":21164,"stat.pickup.minecraft.bow":5,"stat.killEntity.goblin":1,"stat.drop.minecraft.bed":1,"stat.pickup.minecraft.rotten_flesh":4,"stat.useItem.minecraft.iron_sword":21,"stat.killEntity.jenny":1,"stat.damageTaken":25,"stat.mobKills":4,"stat.mineBlock.minecraft.log":1,"stat.pickup.minecraft.spawn_egg":12,"stat.flyOneCm":151274,"stat.pickup.minecraft.bed":1,"stat.deaths":6,"stat.pickup.minecraft.diamond":8,"stat.drop":1,"stat.playOneMinute":108896,"stat.sneakTime":182,"stat.damageDealt":800,"stat.killEntity.Zombie":1,"stat.timeSinceDeath":72115,"stat.mineBlock.minecraft.dirt":2,"stat.useItem.minecraft.spawn_egg":20}