{"stat.pickup.minecraft.rotten_flesh":2,"stat.walkOneCm":28303,"stat.useItem.minecraft.iron_sword":7,"stat.leaveGame":1,"stat.pickup.minecraft.iron_sword":2,"stat.damageTaken":25,"stat.mobKills":1,"stat.mineBlock.minecraft.log":1,"stat.pickup.minecraft.spawn_egg":7,"stat.pickup.minecraft.log":1,"stat.flyOneCm":35450,"stat.deaths":1,"stat.jump":150,"stat.playOneMinute":26490,"stat.fallOneCm":627,"stat.pickup.minecraft.beef":3,"stat.pickup.minecraft.porkchop":3,"stat.damageDealt":200,"stat.killEntity.Zombie":1,"stat.timeSinceDeath":9102,"stat.pickup.minecraft.dirt":3,"stat.useItem.minecraft.dirt":1,"stat.sprintOneCm":4810,"stat.mineBlock.minecraft.dirt":2,"stat.useItem.minecraft.spawn_egg":5,"stat.pickup.minecraft.bow":2}