{"stats":{"minecraft:broken":{"minecraft:wooden_pickaxe":1},"minecraft:custom":{"minecraft:time_since_rest":25189,"minecraft:interact_with_furnace":17,"minecraft:sprint_one_cm":26123,"minecraft:damage_taken":20,"minecraft:walk_one_cm":68478,"minecraft:mob_kills":5,"minecraft:drop":1,"minecraft:damage_dealt":400,"minecraft:interact_with_crafting_table":9,"minecraft:fly_one_cm":12374,"minecraft:play_time":25189,"minecraft:jump":130,"minecraft:leave_game":1,"minecraft:time_since_death":25189,"minecraft:total_world_time":25189,"minecraft:fall_one_cm":2156},"minecraft:mined":{"minecraft:spruce_log":21,"minecraft:crafting_table":1,"minecraft:coal_ore":19,"minecraft:grass_block":2,"minecraft:dirt":28,"minecraft:stone":126},"minecraft:picked_up":{"minecraft:wooden_axe":1,"minecraft:crafting_table":1,"minecraft:spruce_log":21,"minecraft:dirt":30,"minecraft:coal":19,"minecraft:mutton":9,"minecraft:white_wool":5,"minecraft:cobblestone":126},"minecraft:used":{"minecraft:cooked_mutton":1,"minecraft:wooden_axe":40,"minecraft:stone_pickaxe":97,"minecraft:wooden_pickaxe":59,"minecraft:torch":4,"minecraft:dirt":2,"minecraft:crafting_table":2,"minecraft:furnace":1},"minecraft:killed":{"minecraft:sheep":5},"minecraft:dropped":{"minecraft:wooden_axe":1},"minecraft:crafted":{"minecraft:smooth_stone":3,"minecraft:charcoal":3,"minecraft:crafting_table":1,"minecraft:spruce_planks":32,"minecraft:stick":12,"minecraft:wooden_pickaxe":1,"minecraft:stone_pickaxe":1,"minecraft:wooden_axe":1,"minecraft:furnace":1,"minecraft:stone":3,"minecraft:torch":12,"minecraft:stone_axe":1,"minecraft:cooked_mutton":9}},"DataVersion":3465}