{"stat.pickup.minecraft.rotten_flesh":4,"stat.walkOneCm":43266,"stat.useItem.minecraft.iron_sword":16,"stat.leaveGame":2,"stat.killEntity.jenny":1,"stat.pickup.minecraft.iron_sword":4,"stat.pickup.minecraft.arrow":1,"stat.pickup.minecraft.crafting_table":2,"stat.damageTaken":25,"stat.mobKills":3,"stat.mineBlock.minecraft.log":1,"stat.pickup.minecraft.spawn_egg":12,"stat.pickup.minecraft.log":2,"stat.flyOneCm":81159,"stat.deaths":5,"stat.jump":363,"stat.playOneMinute":36353,"stat.fallOneCm":627,"stat.pickup.minecraft.beef":6,"stat.sneakTime":182,"stat.pickup.minecraft.porkchop":14,"stat.damageDealt":600,"stat.crouchOneCm":171,"stat.killEntity.Zombie":1,"stat.timeSinceDeath":803,"stat.pickup.minecraft.dirt":28,"stat.useItem.minecraft.dirt":1,"stat.sprintOneCm":17558,"stat.mineBlock.minecraft.dirt":2,"stat.useItem.minecraft.spawn_egg":9,"stat.pickup.minecraft.bow":4,"stat.killEntity.goblin":1}