{"stat.walkOneCm":50457,"stat.leaveGame":6,"stat.pickup.minecraft.iron_sword":4,"stat.pickup.minecraft.arrow":1,"stat.pickup.minecraft.crafting_table":2,"stat.pickup.minecraft.log":2,"stat.jump":393,"stat.fallOneCm":627,"stat.pickup.minecraft.beef":6,"stat.pickup.minecraft.porkchop":14,"stat.crouchOneCm":171,"stat.pickup.minecraft.dirt":28,"stat.useItem.minecraft.dirt":1,"stat.sprintOneCm":17660,"stat.pickup.minecraft.bow":4,"stat.killEntity.goblin":1,"stat.pickup.minecraft.rotten_flesh":4,"stat.useItem.minecraft.iron_sword":16,"stat.killEntity.jenny":1,"stat.damageTaken":25,"stat.mobKills":3,"stat.mineBlock.minecraft.log":1,"stat.pickup.minecraft.spawn_egg":12,"stat.flyOneCm":91362,"stat.deaths":6,"stat.playOneMinute":42413,"stat.sneakTime":182,"stat.damageDealt":600,"stat.killEntity.Zombie":1,"stat.timeSinceDeath":5632,"stat.mineBlock.minecraft.dirt":2,"stat.useItem.minecraft.spawn_egg":16}